INSERT INTO user_achievements (user_id, achievement_id, awarded_at, achievement_status, progress_value) VALUES (4, 6, '2025-04-02 17:46:51', 'complete', 100);
INSERT INTO user_achievements (user_id, achievement_id, awarded_at, achievement_status, progress_value) VALUES (4, 53, '2025-01-08 17:46:51', 'complete', 100);
INSERT INTO user_achievements (user_id, achievement_id, awarded_at, achievement_status, progress_value) VALUES (4, 62, '2024-12-25 17:46:51', 'complete', 100);
INSERT INTO user_achievements (user_id, achievement_id, awarded_at, achievement_status, progress_value) VALUES (4, 55, '2025-05-12 17:46:51', 'complete', 100);
INSERT INTO user_achievements (user_id, achievement_id, awarded_at, achievement_status, progress_value) VALUES (4, 64, '2025-01-03 17:46:51', 'complete', 100);
INSERT INTO user_achievements (user_id, achievement_id, awarded_at, achievement_status, progress_value) VALUES (4, 38, '2025-01-13 17:46:51', 'complete', 100);
INSERT INTO user_achievements (user_id, achievement_id, awarded_at, achievement_status, progress_value) VALUES (4, 37, '2025-04-02 17:46:51', 'complete', 100);
INSERT INTO user_achievements (user_id, achievement_id, awarded_at, achievement_status, progress_value) VALUES (4, 40, '2025-05-09 17:46:51', 'complete', 100);
INSERT INTO user_achievements (user_id, achievement_id, awarded_at, achievement_status, progress_value) VALUES (4, 13, '2025-03-26 17:46:51', 'complete', 100);
INSERT INTO user_achievements (user_id, achievement_id, awarded_at, achievement_status, progress_value) VALUES (4, 4, '2025-01-03 17:46:51', 'complete', 100);
INSERT INTO user_achievements (user_id, achievement_id, awarded_at, achievement_status, progress_value) VALUES (4, 30, '2025-04-02 17:46:51', 'complete', 100);
INSERT INTO user_achievements (user_id, achievement_id, awarded_at, achievement_status, progress_value) VALUES (4, 67, '2025-02-20 17:46:51', 'complete', 100);
INSERT INTO user_achievements (user_id, achievement_id, awarded_at, achievement_status, progress_value) VALUES (4, 49, '2025-01-17 17:46:51', 'complete', 100);
INSERT INTO user_achievements (user_id, achievement_id, awarded_at, achievement_status, progress_value) VALUES (4, 10, '2025-03-11 17:46:51', 'complete', 100);
INSERT INTO user_achievements (user_id, achievement_id, awarded_at, achievement_status, progress_value) VALUES (4, 69, '2025-01-23 17:46:51', 'complete', 100);
INSERT INTO user_achievements (user_id, achievement_id, awarded_at, achievement_status, progress_value) VALUES (4, 52, '2025-05-16 17:46:51', 'complete', 100);
INSERT INTO user_achievements (user_id, achievement_id, awarded_at, achievement_status, progress_value) VALUES (4, 47, '2025-01-19 17:46:51', 'complete', 100);
INSERT INTO user_achievements (user_id, achievement_id, awarded_at, achievement_status, progress_value) VALUES (4, 28, '2025-02-25 17:46:51', 'complete', 100);
INSERT INTO user_achievements (user_id, achievement_id, awarded_at, achievement_status, progress_value) VALUES (4, 8, '2025-05-10 17:46:51', 'complete', 100);
INSERT INTO user_achievements (user_id, achievement_id, awarded_at, achievement_status, progress_value) VALUES (4, 65, '2025-04-30 17:46:51', 'complete', 100);
INSERT INTO user_achievements (user_id, achievement_id, awarded_at, achievement_status, progress_value) VALUES (4, 27, '2025-04-05 17:46:51', 'complete', 100);
INSERT INTO user_achievements (user_id, achievement_id, awarded_at, achievement_status, progress_value) VALUES (4, 7, '2025-03-26 17:46:51', 'complete', 100);
INSERT INTO user_achievements (user_id, achievement_id, awarded_at, achievement_status, progress_value) VALUES (4, 46, '2025-05-15 17:46:51', 'complete', 100);
INSERT INTO user_achievements (user_id, achievement_id, awarded_at, achievement_status, progress_value) VALUES (4, 14, '2025-04-12 17:46:51', 'complete', 100);
INSERT INTO user_achievements (user_id, achievement_id, awarded_at, achievement_status, progress_value) VALUES (4, 61, '2025-01-03 17:46:51', 'complete', 100);
INSERT INTO user_achievements (user_id, achievement_id, awarded_at, achievement_status, progress_value) VALUES (4, 1, '2025-06-04 17:46:51', 'incomplete', 49);
INSERT INTO user_achievements (user_id, achievement_id, awarded_at, achievement_status, progress_value) VALUES (4, 3, '2025-06-04 17:46:51', 'incomplete', 69);
INSERT INTO user_achievements (user_id, achievement_id, awarded_at, achievement_status, progress_value) VALUES (4, 12, '2025-06-07 17:46:51', 'incomplete', 50);
INSERT INTO user_achievements (user_id, achievement_id, awarded_at, achievement_status, progress_value) VALUES (4, 33, '2025-05-25 17:46:51', 'incomplete', 30);
INSERT INTO user_achievements (user_id, achievement_id, awarded_at, achievement_status, progress_value) VALUES (4, 35, '2025-06-08 17:46:51', 'incomplete', 40);
INSERT INTO user_achievements (user_id, achievement_id, awarded_at, achievement_status, progress_value) VALUES (4, 42, '2025-05-24 17:46:51', 'incomplete', 52);
INSERT INTO user_achievements (user_id, achievement_id, awarded_at, achievement_status, progress_value) VALUES (4, 16, '2025-05-22 17:46:51', 'incomplete', 34);
INSERT INTO user_achievements (user_id, achievement_id, awarded_at, achievement_status, progress_value) VALUES (4, 59, '2025-05-21 17:46:51', 'incomplete', 44);
INSERT INTO user_achievements (user_id, achievement_id, awarded_at, achievement_status, progress_value) VALUES (4, 26, '2025-06-02 17:46:51', 'incomplete', 66);
INSERT INTO user_achievements (user_id, achievement_id, awarded_at, achievement_status, progress_value) VALUES (4, 25, '2025-06-12 17:46:51', 'incomplete', 63);
INSERT INTO user_achievements (user_id, achievement_id, awarded_at, achievement_status, progress_value) VALUES (5, 9, '2025-03-17 17:46:51', 'complete', 100);
INSERT INTO user_achievements (user_id, achievement_id, awarded_at, achievement_status, progress_value) VALUES (5, 45, '2025-01-10 17:46:51', 'complete', 100);
INSERT INTO user_achievements (user_id, achievement_id, awarded_at, achievement_status, progress_value) VALUES (5, 21, '2025-03-28 17:46:51', 'complete', 100);
INSERT INTO user_achievements (user_id, achievement_id, awarded_at, achievement_status, progress_value) VALUES (5, 68, '2025-06-17 17:46:51', 'complete', 100);
INSERT INTO user_achievements (user_id, achievement_id, awarded_at, achievement_status, progress_value) VALUES (5, 10, '2025-03-01 17:46:51', 'complete', 100);
INSERT INTO user_achievements (user_id, achievement_id, awarded_at, achievement_status, progress_value) VALUES (5, 48, '2025-01-07 17:46:51', 'complete', 100);
INSERT INTO user_achievements (user_id, achievement_id, awarded_at, achievement_status, progress_value) VALUES (5, 47, '2025-03-01 17:46:51', 'complete', 100);
INSERT INTO user_achievements (user_id, achievement_id, awarded_at, achievement_status, progress_value) VALUES (5, 67, '2025-05-20 17:46:51', 'complete', 100);
INSERT INTO user_achievements (user_id, achievement_id, awarded_at, achievement_status, progress_value) VALUES (5, 4, '2025-02-08 17:46:51', 'complete', 100);
INSERT INTO user_achievements (user_id, achievement_id, awarded_at, achievement_status, progress_value) VALUES (5, 62, '2025-05-29 17:46:51', 'complete', 100);
INSERT INTO user_achievements (user_id, achievement_id, awarded_at, achievement_status, progress_value) VALUES (5, 42, '2025-06-04 17:46:51', 'complete', 100);
INSERT INTO user_achievements (user_id, achievement_id, awarded_at, achievement_status, progress_value) VALUES (5, 60, '2025-05-26 17:46:51', 'complete', 100);
INSERT INTO user_achievements (user_id, achievement_id, awarded_at, achievement_status, progress_value) VALUES (5, 33, '2025-05-22 17:46:51', 'complete', 100);
INSERT INTO user_achievements (user_id, achievement_id, awarded_at, achievement_status, progress_value) VALUES (5, 29, '2025-02-08 17:46:51', 'complete', 100);
INSERT INTO user_achievements (user_id, achievement_id, awarded_at, achievement_status, progress_value) VALUES (5, 46, '2025-03-31 17:46:51', 'complete', 100);
INSERT INTO user_achievements (user_id, achievement_id, awarded_at, achievement_status, progress_value) VALUES (5, 65, '2025-05-23 17:46:51', 'complete', 100);
INSERT INTO user_achievements (user_id, achievement_id, awarded_at, achievement_status, progress_value) VALUES (5, 24, '2025-03-29 17:46:51', 'complete', 100);
INSERT INTO user_achievements (user_id, achievement_id, awarded_at, achievement_status, progress_value) VALUES (5, 11, '2025-03-30 17:46:51', 'complete', 100);
INSERT INTO user_achievements (user_id, achievement_id, awarded_at, achievement_status, progress_value) VALUES (5, 22, '2025-03-16 17:46:51', 'complete', 100);
INSERT INTO user_achievements (user_id, achievement_id, awarded_at, achievement_status, progress_value) VALUES (5, 18, '2025-01-02 17:46:51', 'complete', 100);
INSERT INTO user_achievements (user_id, achievement_id, awarded_at, achievement_status, progress_value) VALUES (5, 27, '2025-02-12 17:46:51', 'complete', 100);
INSERT INTO user_achievements (user_id, achievement_id, awarded_at, achievement_status, progress_value) VALUES (5, 6, '2024-12-30 17:46:51', 'complete', 100);
INSERT INTO user_achievements (user_id, achievement_id, awarded_at, achievement_status, progress_value) VALUES (5, 7, '2025-06-18 17:46:51', 'complete', 100);
INSERT INTO user_achievements (user_id, achievement_id, awarded_at, achievement_status, progress_value) VALUES (5, 39, '2025-01-12 17:46:51', 'complete', 100);
INSERT INTO user_achievements (user_id, achievement_id, awarded_at, achievement_status, progress_value) VALUES (5, 40, '2025-02-24 17:46:51', 'complete', 100);
INSERT INTO user_achievements (user_id, achievement_id, awarded_at, achievement_status, progress_value) VALUES (5, 17, '2025-05-24 17:46:51', 'incomplete', 14);
INSERT INTO user_achievements (user_id, achievement_id, awarded_at, achievement_status, progress_value) VALUES (5, 64, '2025-06-15 17:46:51', 'incomplete', 80);
INSERT INTO user_achievements (user_id, achievement_id, awarded_at, achievement_status, progress_value) VALUES (5, 50, '2025-05-31 17:46:51', 'incomplete', 22);
INSERT INTO user_achievements (user_id, achievement_id, awarded_at, achievement_status, progress_value) VALUES (5, 19, '2025-06-16 17:46:51', 'incomplete', 41);
INSERT INTO user_achievements (user_id, achievement_id, awarded_at, achievement_status, progress_value) VALUES (5, 2, '2025-06-14 17:46:51', 'incomplete', 13);
INSERT INTO user_achievements (user_id, achievement_id, awarded_at, achievement_status, progress_value) VALUES (5, 3, '2025-06-17 17:46:51', 'incomplete', 58);
INSERT INTO user_achievements (user_id, achievement_id, awarded_at, achievement_status, progress_value) VALUES (5, 1, '2025-06-18 17:46:51', 'incomplete', 40);
INSERT INTO user_achievements (user_id, achievement_id, awarded_at, achievement_status, progress_value) VALUES (5, 36, '2025-06-04 17:46:51', 'incomplete', 68);
INSERT INTO user_achievements (user_id, achievement_id, awarded_at, achievement_status, progress_value) VALUES (6, 69, '2025-01-20 17:46:51', 'complete', 100);
INSERT INTO user_achievements (user_id, achievement_id, awarded_at, achievement_status, progress_value) VALUES (6, 63, '2025-05-12 17:46:51', 'complete', 100);
INSERT INTO user_achievements (user_id, achievement_id, awarded_at, achievement_status, progress_value) VALUES (6, 54, '2025-02-13 17:46:51', 'complete', 100);
INSERT INTO user_achievements (user_id, achievement_id, awarded_at, achievement_status, progress_value) VALUES (6, 51, '2025-01-28 17:46:51', 'complete', 100);
INSERT INTO user_achievements (user_id, achievement_id, awarded_at, achievement_status, progress_value) VALUES (6, 57, '2025-01-24 17:46:51', 'complete', 100);
INSERT INTO user_achievements (user_id, achievement_id, awarded_at, achievement_status, progress_value) VALUES (6, 40, '2025-05-18 17:46:51', 'complete', 100);
INSERT INTO user_achievements (user_id, achievement_id, awarded_at, achievement_status, progress_value) VALUES (6, 23, '2025-03-07 17:46:51', 'complete', 100);
INSERT INTO user_achievements (user_id, achievement_id, awarded_at, achievement_status, progress_value) VALUES (6, 60, '2025-04-18 17:46:51', 'complete', 100);
INSERT INTO user_achievements (user_id, achievement_id, awarded_at, achievement_status, progress_value) VALUES (6, 44, '2025-06-02 17:46:51', 'complete', 100);
INSERT INTO user_achievements (user_id, achievement_id, awarded_at, achievement_status, progress_value) VALUES (6, 24, '2025-05-20 17:46:51', 'complete', 100);
INSERT INTO user_achievements (user_id, achievement_id, awarded_at, achievement_status, progress_value) VALUES (6, 58, '2025-03-06 17:46:51', 'complete', 100);
INSERT INTO user_achievements (user_id, achievement_id, awarded_at, achievement_status, progress_value) VALUES (6, 1, '2025-02-02 17:46:51', 'complete', 100);
INSERT INTO user_achievements (user_id, achievement_id, awarded_at, achievement_status, progress_value) VALUES (6, 59, '2025-05-15 17:46:51', 'complete', 100);
INSERT INTO user_achievements (user_id, achievement_id, awarded_at, achievement_status, progress_value) VALUES (6, 4, '2025-06-18 17:46:51', 'complete', 100);
INSERT INTO user_achievements (user_id, achievement_id, awarded_at, achievement_status, progress_value) VALUES (6, 68, '2025-05-06 17:46:51', 'complete', 100);
INSERT INTO user_achievements (user_id, achievement_id, awarded_at, achievement_status, progress_value) VALUES (6, 64, '2025-04-16 17:46:51', 'complete', 100);
INSERT INTO user_achievements (user_id, achievement_id, awarded_at, achievement_status, progress_value) VALUES (6, 9, '2025-01-07 17:46:51', 'complete', 100);
INSERT INTO user_achievements (user_id, achievement_id, awarded_at, achievement_status, progress_value) VALUES (6, 37, '2025-02-27 17:46:51', 'complete', 100);
INSERT INTO user_achievements (user_id, achievement_id, awarded_at, achievement_status, progress_value) VALUES (6, 29, '2025-06-06 17:46:51', 'incomplete', 18);
INSERT INTO user_achievements (user_id, achievement_id, awarded_at, achievement_status, progress_value) VALUES (6, 35, '2025-05-31 17:46:51', 'incomplete', 66);
INSERT INTO user_achievements (user_id, achievement_id, awarded_at, achievement_status, progress_value) VALUES (6, 46, '2025-05-26 17:46:51', 'incomplete', 20);
INSERT INTO user_achievements (user_id, achievement_id, awarded_at, achievement_status, progress_value) VALUES (6, 42, '2025-05-31 17:46:51', 'incomplete', 61);
INSERT INTO user_achievements (user_id, achievement_id, awarded_at, achievement_status, progress_value) VALUES (6, 32, '2025-05-23 17:46:51', 'incomplete', 87);
INSERT INTO user_achievements (user_id, achievement_id, awarded_at, achievement_status, progress_value) VALUES (7, 3, '2025-04-20 17:46:51', 'complete', 100);
INSERT INTO user_achievements (user_id, achievement_id, awarded_at, achievement_status, progress_value) VALUES (7, 33, '2025-02-24 17:46:51', 'complete', 100);
INSERT INTO user_achievements (user_id, achievement_id, awarded_at, achievement_status, progress_value) VALUES (7, 36, '2025-03-15 17:46:51', 'complete', 100);
INSERT INTO user_achievements (user_id, achievement_id, awarded_at, achievement_status, progress_value) VALUES (7, 47, '2025-02-24 17:46:51', 'complete', 100);
INSERT INTO user_achievements (user_id, achievement_id, awarded_at, achievement_status, progress_value) VALUES (7, 37, '2024-12-30 17:46:51', 'complete', 100);
INSERT INTO user_achievements (user_id, achievement_id, awarded_at, achievement_status, progress_value) VALUES (7, 31, '2025-06-10 17:46:51', 'complete', 100);
INSERT INTO user_achievements (user_id, achievement_id, awarded_at, achievement_status, progress_value) VALUES (7, 6, '2025-02-10 17:46:51', 'complete', 100);
INSERT INTO user_achievements (user_id, achievement_id, awarded_at, achievement_status, progress_value) VALUES (7, 22, '2025-06-18 17:46:51', 'complete', 100);
INSERT INTO user_achievements (user_id, achievement_id, awarded_at, achievement_status, progress_value) VALUES (7, 4, '2025-04-20 17:46:51', 'complete', 100);
INSERT INTO user_achievements (user_id, achievement_id, awarded_at, achievement_status, progress_value) VALUES (7, 34, '2025-05-15 17:46:51', 'complete', 100);
INSERT INTO user_achievements (user_id, achievement_id, awarded_at, achievement_status, progress_value) VALUES (7, 67, '2025-02-07 17:46:51', 'complete', 100);


INSERT INTO user_achievements (user_id, achievement_id, awarded_at, achievement_status, progress_value) VALUES (7, 29, '2025-02-12 17:46:51', 'complete', 100);
INSERT INTO user_achievements (user_id, achievement_id, awarded_at, achievement_status, progress_value) VALUES (7, 66, '2025-04-07 17:46:51', 'complete', 100);
INSERT INTO user_achievements (user_id, achievement_id, awarded_at, achievement_status, progress_value) VALUES (7, 35, '2025-06-12 17:46:51', 'complete', 100);
INSERT INTO user_achievements (user_id, achievement_id, awarded_at, achievement_status, progress_value) VALUES (7, 2, '2025-02-09 17:46:51', 'complete', 100);
INSERT INTO user_achievements (user_id, achievement_id, awarded_at, achievement_status, progress_value) VALUES (7, 27, '2025-02-11 17:46:51', 'complete', 100);
INSERT INTO user_achievements (user_id, achievement_id, awarded_at, achievement_status, progress_value) VALUES (7, 56, '2025-02-27 17:46:51', 'complete', 100);
INSERT INTO user_achievements (user_id, achievement_id, awarded_at, achievement_status, progress_value) VALUES (7, 32, '2025-02-09 17:46:51', 'complete', 100);
INSERT INTO user_achievements (user_id, achievement_id, awarded_at, achievement_status, progress_value) VALUES (7, 51, '2025-06-05 17:46:51', 'complete', 100);
INSERT INTO user_achievements (user_id, achievement_id, awarded_at, achievement_status, progress_value) VALUES (7, 39, '2025-03-02 17:46:51', 'complete', 100);
INSERT INTO user_achievements (user_id, achievement_id, awarded_at, achievement_status, progress_value) VALUES (7, 48, '2025-06-07 17:46:51', 'complete', 100);
INSERT INTO user_achievements (user_id, achievement_id, awarded_at, achievement_status, progress_value) VALUES (7, 24, '2025-04-25 17:46:51', 'complete', 100);
INSERT INTO user_achievements (user_id, achievement_id, awarded_at, achievement_status, progress_value) VALUES (7, 69, '2025-05-29 17:46:51', 'incomplete', 83);
INSERT INTO user_achievements (user_id, achievement_id, awarded_at, achievement_status, progress_value) VALUES (7, 16, '2025-06-16 17:46:51', 'incomplete', 21);
INSERT INTO user_achievements (user_id, achievement_id, awarded_at, achievement_status, progress_value) VALUES (7, 12, '2025-06-01 17:46:51', 'incomplete', 68);
INSERT INTO user_achievements (user_id, achievement_id, awarded_at, achievement_status, progress_value) VALUES (7, 5, '2025-05-30 17:46:51', 'incomplete', 70);
INSERT INTO user_achievements (user_id, achievement_id, awarded_at, achievement_status, progress_value) VALUES (7, 46, '2025-05-28 17:46:51', 'incomplete', 54);
INSERT INTO user_achievements (user_id, achievement_id, awarded_at, achievement_status, progress_value) VALUES (7, 7, '2025-06-10 17:46:51', 'incomplete', 14);
INSERT INTO user_achievements (user_id, achievement_id, awarded_at, achievement_status, progress_value) VALUES (8, 44, '2025-02-25 17:46:51', 'complete', 100);
INSERT INTO user_achievements (user_id, achievement_id, awarded_at, achievement_status, progress_value) VALUES (8, 5, '2025-04-07 17:46:51', 'complete', 100);
INSERT INTO user_achievements (user_id, achievement_id, awarded_at, achievement_status, progress_value) VALUES (8, 31, '2025-04-17 17:46:51', 'complete', 100);
INSERT INTO user_achievements (user_id, achievement_id, awarded_at, achievement_status, progress_value) VALUES (8, 67, '2025-01-24 17:46:51', 'complete', 100);
INSERT INTO user_achievements (user_id, achievement_id, awarded_at, achievement_status, progress_value) VALUES (8, 29, '2025-02-04 17:46:51', 'complete', 100);
INSERT INTO user_achievements (user_id, achievement_id, awarded_at, achievement_status, progress_value) VALUES (8, 60, '2025-06-13 17:46:51', 'complete', 100);
INSERT INTO user_achievements (user_id, achievement_id, awarded_at, achievement_status, progress_value) VALUES (8, 47, '2025-05-06 17:46:51', 'complete', 100);
INSERT INTO user_achievements (user_id, achievement_id, awarded_at, achievement_status, progress_value) VALUES (8, 54, '2025-06-11 17:46:51', 'complete', 100);
INSERT INTO user_achievements (user_id, achievement_id, awarded_at, achievement_status, progress_value) VALUES (8, 12, '2025-02-05 17:46:51', 'complete', 100);
INSERT INTO user_achievements (user_id, achievement_id, awarded_at, achievement_status, progress_value) VALUES (8, 59, '2025-06-06 17:46:51', 'complete', 100);
INSERT INTO user_achievements (user_id, achievement_id, awarded_at, achievement_status, progress_value) VALUES (8, 1, '2025-05-23 17:46:51', 'complete', 100);
INSERT INTO user_achievements (user_id, achievement_id, awarded_at, achievement_status, progress_value) VALUES (8, 57, '2025-02-02 17:46:51', 'complete', 100);
INSERT INTO user_achievements (user_id, achievement_id, awarded_at, achievement_status, progress_value) VALUES (8, 6, '2025-05-30 17:46:51', 'complete', 100);
INSERT INTO user_achievements (user_id, achievement_id, awarded_at, achievement_status, progress_value) VALUES (8, 53, '2025-01-05 17:46:51', 'complete', 100);
INSERT INTO user_achievements (user_id, achievement_id, awarded_at, achievement_status, progress_value) VALUES (8, 14, '2025-05-17 17:46:51', 'complete', 100);
INSERT INTO user_achievements (user_id, achievement_id, awarded_at, achievement_status, progress_value) VALUES (8, 15, '2025-01-21 17:46:51', 'complete', 100);
INSERT INTO user_achievements (user_id, achievement_id, awarded_at, achievement_status, progress_value) VALUES (8, 8, '2025-06-13 17:46:51', 'complete', 100);
INSERT INTO user_achievements (user_id, achievement_id, awarded_at, achievement_status, progress_value) VALUES (8, 21, '2025-06-08 17:46:51', 'incomplete', 51);
INSERT INTO user_achievements (user_id, achievement_id, awarded_at, achievement_status, progress_value) VALUES (8, 56, '2025-05-24 17:46:51', 'incomplete', 81);
INSERT INTO user_achievements (user_id, achievement_id, awarded_at, achievement_status, progress_value) VALUES (8, 37, '2025-05-31 17:46:51', 'incomplete', 58);
INSERT INTO user_achievements (user_id, achievement_id, awarded_at, achievement_status, progress_value) VALUES (8, 58, '2025-06-18 17:46:51', 'incomplete', 67);
INSERT INTO user_achievements (user_id, achievement_id, awarded_at, achievement_status, progress_value) VALUES (8, 2, '2025-06-18 17:46:51', 'incomplete', 85);
INSERT INTO user_achievements (user_id, achievement_id, awarded_at, achievement_status, progress_value) VALUES (8, 38, '2025-05-29 17:46:51', 'incomplete', 63);
INSERT INTO user_achievements (user_id, achievement_id, awarded_at, achievement_status, progress_value) VALUES (8, 27, '2025-05-31 17:46:51', 'incomplete', 47);
INSERT INTO user_achievements (user_id, achievement_id, awarded_at, achievement_status, progress_value) VALUES (8, 39, '2025-06-15 17:46:51', 'incomplete', 13);
INSERT INTO user_achievements (user_id, achievement_id, awarded_at, achievement_status, progress_value) VALUES (8, 52, '2025-06-11 17:46:51', 'incomplete', 56);
INSERT INTO user_achievements (user_id, achievement_id, awarded_at, achievement_status, progress_value) VALUES (8, 7, '2025-05-22 17:46:51', 'incomplete', 77);
INSERT INTO user_achievements (user_id, achievement_id, awarded_at, achievement_status, progress_value) VALUES (9, 62, '2025-01-15 17:46:51', 'complete', 100);
INSERT INTO user_achievements (user_id, achievement_id, awarded_at, achievement_status, progress_value) VALUES (9, 52, '2025-02-27 17:46:51', 'complete', 100);
INSERT INTO user_achievements (user_id, achievement_id, awarded_at, achievement_status, progress_value) VALUES (9, 45, '2025-06-12 17:46:51', 'complete', 100);
INSERT INTO user_achievements (user_id, achievement_id, awarded_at, achievement_status, progress_value) VALUES (9, 31, '2025-02-06 17:46:51', 'complete', 100);
INSERT INTO user_achievements (user_id, achievement_id, awarded_at, achievement_status, progress_value) VALUES (9, 57, '2025-04-11 17:46:51', 'complete', 100);
INSERT INTO user_achievements (user_id, achievement_id, awarded_at, achievement_status, progress_value) VALUES (9, 43, '2025-02-03 17:46:51', 'complete', 100);
INSERT INTO user_achievements (user_id, achievement_id, awarded_at, achievement_status, progress_value) VALUES (9, 58, '2025-03-16 17:46:51', 'complete', 100);
INSERT INTO user_achievements (user_id, achievement_id, awarded_at, achievement_status, progress_value) VALUES (9, 68, '2025-05-04 17:46:51', 'complete', 100);
INSERT INTO user_achievements (user_id, achievement_id, awarded_at, achievement_status, progress_value) VALUES (9, 54, '2025-02-02 17:46:51', 'complete', 100);
INSERT INTO user_achievements (user_id, achievement_id, awarded_at, achievement_status, progress_value) VALUES (9, 27, '2025-02-24 17:46:51', 'complete', 100);
INSERT INTO user_achievements (user_id, achievement_id, awarded_at, achievement_status, progress_value) VALUES (9, 59, '2024-12-27 17:46:51', 'complete', 100);
INSERT INTO user_achievements (user_id, achievement_id, awarded_at, achievement_status, progress_value) VALUES (9, 3, '2025-02-04 17:46:51', 'complete', 100);
INSERT INTO user_achievements (user_id, achievement_id, awarded_at, achievement_status, progress_value) VALUES (9, 1, '2025-06-16 17:46:51', 'complete', 100);
INSERT INTO user_achievements (user_id, achievement_id, awarded_at, achievement_status, progress_value) VALUES (9, 12, '2025-05-05 17:46:51', 'complete', 100);
INSERT INTO user_achievements (user_id, achievement_id, awarded_at, achievement_status, progress_value) VALUES (9, 40, '2024-12-25 17:46:51', 'complete', 100);
INSERT INTO user_achievements (user_id, achievement_id, awarded_at, achievement_status, progress_value) VALUES (9, 19, '2025-05-19 17:46:51', 'complete', 100);
INSERT INTO user_achievements (user_id, achievement_id, awarded_at, achievement_status, progress_value) VALUES (9, 47, '2025-05-16 17:46:51', 'complete', 100);
INSERT INTO user_achievements (user_id, achievement_id, awarded_at, achievement_status, progress_value) VALUES (9, 46, '2025-04-06 17:46:51', 'complete', 100);
INSERT INTO user_achievements (user_id, achievement_id, awarded_at, achievement_status, progress_value) VALUES (9, 64, '2024-12-26 17:46:51', 'complete', 100);
INSERT INTO user_achievements (user_id, achievement_id, awarded_at, achievement_status, progress_value) VALUES (9, 18, '2025-05-28 17:46:51', 'complete', 100);
INSERT INTO user_achievements (user_id, achievement_id, awarded_at, achievement_status, progress_value) VALUES (9, 39, '2025-05-09 17:46:51', 'complete', 100);
INSERT INTO user_achievements (user_id, achievement_id, awarded_at, achievement_status, progress_value) VALUES (9, 69, '2025-03-08 17:46:51', 'complete', 100);
INSERT INTO user_achievements (user_id, achievement_id, awarded_at, achievement_status, progress_value) VALUES (9, 32, '2025-06-04 17:46:51', 'incomplete', 58);
INSERT INTO user_achievements (user_id, achievement_id, awarded_at, achievement_status, progress_value) VALUES (9, 10, '2025-06-18 17:46:51', 'incomplete', 49);
INSERT INTO user_achievements (user_id, achievement_id, awarded_at, achievement_status, progress_value) VALUES (9, 55, '2025-06-08 17:46:51', 'incomplete', 23);
INSERT INTO user_achievements (user_id, achievement_id, awarded_at, achievement_status, progress_value) VALUES (9, 60, '2025-06-06 17:46:51', 'incomplete', 45);
INSERT INTO user_achievements (user_id, achievement_id, awarded_at, achievement_status, progress_value) VALUES (9, 16, '2025-06-03 17:46:51', 'incomplete', 76);
INSERT INTO user_achievements (user_id, achievement_id, awarded_at, achievement_status, progress_value) VALUES (10, 29, '2025-05-12 17:46:51', 'complete', 100);
INSERT INTO user_achievements (user_id, achievement_id, awarded_at, achievement_status, progress_value) VALUES (10, 61, '2025-01-09 17:46:51', 'complete', 100);
INSERT INTO user_achievements (user_id, achievement_id, awarded_at, achievement_status, progress_value) VALUES (10, 42, '2024-12-24 17:46:51', 'complete', 100);
INSERT INTO user_achievements (user_id, achievement_id, awarded_at, achievement_status, progress_value) VALUES (10, 51, '2025-03-14 17:46:51', 'complete', 100);
INSERT INTO user_achievements (user_id, achievement_id, awarded_at, achievement_status, progress_value) VALUES (10, 39, '2025-02-09 17:46:51', 'complete', 100);
INSERT INTO user_achievements (user_id, achievement_id, awarded_at, achievement_status, progress_value) VALUES (10, 45, '2025-05-19 17:46:51', 'complete', 100);
INSERT INTO user_achievements (user_id, achievement_id, awarded_at, achievement_status, progress_value) VALUES (10, 30, '2025-05-10 17:46:51', 'complete', 100);
INSERT INTO user_achievements (user_id, achievement_id, awarded_at, achievement_status, progress_value) VALUES (10, 63, '2025-03-17 17:46:51', 'complete', 100);
INSERT INTO user_achievements (user_id, achievement_id, awarded_at, achievement_status, progress_value) VALUES (10, 56, '2025-01-11 17:46:51', 'complete', 100);
INSERT INTO user_achievements (user_id, achievement_id, awarded_at, achievement_status, progress_value) VALUES (10, 53, '2025-03-15 17:46:51', 'complete', 100);
INSERT INTO user_achievements (user_id, achievement_id, awarded_at, achievement_status, progress_value) VALUES (10, 34, '2025-06-12 17:46:51', 'complete', 100);
INSERT INTO user_achievements (user_id, achievement_id, awarded_at, achievement_status, progress_value) VALUES (10, 22, '2025-01-30 17:46:51', 'complete', 100);
INSERT INTO user_achievements (user_id, achievement_id, awarded_at, achievement_status, progress_value) VALUES (10, 36, '2025-04-03 17:46:51', 'complete', 100);
INSERT INTO user_achievements (user_id, achievement_id, awarded_at, achievement_status, progress_value) VALUES (10, 8, '2025-03-02 17:46:51', 'complete', 100);
INSERT INTO user_achievements (user_id, achievement_id, awarded_at, achievement_status, progress_value) VALUES (10, 31, '2025-06-15 17:46:51', 'complete', 100);
INSERT INTO user_achievements (user_id, achievement_id, awarded_at, achievement_status, progress_value) VALUES (10, 5, '2025-02-23 17:46:51', 'complete', 100);
INSERT INTO user_achievements (user_id, achievement_id, awarded_at, achievement_status, progress_value) VALUES (10, 11, '2025-01-22 17:46:51', 'complete', 100);
INSERT INTO user_achievements (user_id, achievement_id, awarded_at, achievement_status, progress_value) VALUES (10, 32, '2025-01-12 17:46:51', 'complete', 100);
INSERT INTO user_achievements (user_id, achievement_id, awarded_at, achievement_status, progress_value) VALUES (10, 25, '2025-06-01 17:46:51', 'complete', 100);
INSERT INTO user_achievements (user_id, achievement_id, awarded_at, achievement_status, progress_value) VALUES (10, 13, '2025-04-01 17:46:51', 'complete', 100);
INSERT INTO user_achievements (user_id, achievement_id, awarded_at, achievement_status, progress_value) VALUES (10, 14, '2025-05-13 17:46:51', 'complete', 100);
INSERT INTO user_achievements (user_id, achievement_id, awarded_at, achievement_status, progress_value) VALUES (10, 66, '2025-05-25 17:46:51', 'complete', 100);
INSERT INTO user_achievements (user_id, achievement_id, awarded_at, achievement_status, progress_value) VALUES (10, 69, '2025-06-12 17:46:51', 'complete', 100);
INSERT INTO user_achievements (user_id, achievement_id, awarded_at, achievement_status, progress_value) VALUES (10, 54, '2025-03-21 17:46:51', 'complete', 100);
INSERT INTO user_achievements (user_id, achievement_id, awarded_at, achievement_status, progress_value) VALUES (10, 17, '2025-03-10 17:46:51', 'complete', 100);
INSERT INTO user_achievements (user_id, achievement_id, awarded_at, achievement_status, progress_value) VALUES (10, 55, '2025-04-12 17:46:51', 'complete', 100);
INSERT INTO user_achievements (user_id, achievement_id, awarded_at, achievement_status, progress_value) VALUES (10, 15, '2025-01-24 17:46:51', 'complete', 100);
INSERT INTO user_achievements (user_id, achievement_id, awarded_at, achievement_status, progress_value) VALUES (10, 50, '2025-06-15 17:46:51', 'complete', 100);
INSERT INTO user_achievements (user_id, achievement_id, awarded_at, achievement_status, progress_value) VALUES (10, 24, '2025-02-08 17:46:51', 'complete', 100);
INSERT INTO user_achievements (user_id, achievement_id, awarded_at, achievement_status, progress_value) VALUES (10, 28, '2025-01-15 17:46:51', 'complete', 100);
INSERT INTO user_achievements (user_id, achievement_id, awarded_at, achievement_status, progress_value) VALUES (10, 57, '2025-05-21 17:46:51', 'incomplete', 75);
INSERT INTO user_achievements (user_id, achievement_id, awarded_at, achievement_status, progress_value) VALUES (10, 68, '2025-06-16 17:46:51', 'incomplete', 76);
INSERT INTO user_achievements (user_id, achievement_id, awarded_at, achievement_status, progress_value) VALUES (10, 3, '2025-06-13 17:46:51', 'incomplete', 39);
INSERT INTO user_achievements (user_id, achievement_id, awarded_at, achievement_status, progress_value) VALUES (10, 16, '2025-05-26 17:46:51', 'incomplete', 76);
INSERT INTO user_achievements (user_id, achievement_id, awarded_at, achievement_status, progress_value) VALUES (10, 26, '2025-06-10 17:46:51', 'incomplete', 10);
INSERT INTO user_achievements (user_id, achievement_id, awarded_at, achievement_status, progress_value) VALUES (10, 6, '2025-06-03 17:46:51', 'incomplete', 82);
INSERT INTO user_achievements (user_id, achievement_id, awarded_at, achievement_status, progress_value) VALUES (10, 37, '2025-06-09 17:46:51', 'incomplete', 79);



INSERT INTO user_points (user_id, total_points, tier_status, last_updated)
VALUES (1, 780, 'Wood', CURRENT_TIMESTAMP);
INSERT INTO user_points (user_id, total_points, tier_status, last_updated)
VALUES (2, 430, 'Wood', CURRENT_TIMESTAMP);
INSERT INTO user_points (user_id, total_points, tier_status, last_updated)
VALUES (3, 1020, 'Bronze', CURRENT_TIMESTAMP);
INSERT INTO user_points (user_id, total_points, tier_status, last_updated)
VALUES (4, 265, 'Wood', CURRENT_TIMESTAMP);
INSERT INTO user_points (user_id, total_points, tier_status, last_updated)
VALUES (5, 1350, 'Bronze', CURRENT_TIMESTAMP);
INSERT INTO user_points (user_id, total_points, tier_status, last_updated)
VALUES (6, 120, 'Wood', CURRENT_TIMESTAMP);
INSERT INTO user_points (user_id, total_points, tier_status, last_updated)
VALUES (7, 560, 'Wood', CURRENT_TIMESTAMP);
INSERT INTO user_points (user_id, total_points, tier_status, last_updated)
VALUES (8, 880, 'Wood', CURRENT_TIMESTAMP);
INSERT INTO user_points (user_id, total_points, tier_status, last_updated)
VALUES (9, 190, 'Wood', CURRENT_TIMESTAMP);
INSERT INTO user_points (user_id, total_points, tier_status, last_updated)
VALUES (10, 970, 'Wood', CURRENT_TIMESTAMP);

INSERT INTO point_rules (action_type, base_points)
VALUES ('transaction', 10);
INSERT INTO point_rules (action_type, base_points)
VALUES ('goal_created', 15);
INSERT INTO point_rules (action_type, base_points)
VALUES ('goal_completed', 75);
INSERT INTO point_rules (action_type, base_points)
VALUES ('quiz_completed', 30);
INSERT INTO point_rules (action_type, base_points)
VALUES ('achievement_unlocked', 50);
INSERT INTO point_rules (action_type, base_points)
VALUES ('challenge_completed', 60);

INSERT INTO points_log (user_id, source, source_id, points, created_at)
VALUES (1, 'goal', 93, 30, '2025-06-28 15:00:00');
INSERT INTO points_log (user_id, source, source_id, points, created_at)
VALUES (1, 'transaction', 18, 10, '2025-06-04 22:00:00');
INSERT INTO points_log (user_id, source, source_id, points, created_at)
VALUES (1, 'goal', 16, 75, '2025-06-02 22:00:00');
INSERT INTO points_log (user_id, source, source_id, points, created_at)
VALUES (1, 'challenge', 54, 10, '2025-07-02 00:00:00');
INSERT INTO points_log (user_id, source, source_id, points, created_at)
VALUES (1, 'achievement', 63, 50, '2025-06-21 10:00:00');
INSERT INTO points_log (user_id, source, source_id, points, created_at)
VALUES (1, 'transaction', 35, 50, '2025-06-11 10:00:00');
INSERT INTO points_log (user_id, source, source_id, points, created_at)
VALUES (1, 'challenge', 97, 10, '2025-06-13 10:00:00');
INSERT INTO points_log (user_id, source, source_id, points, created_at)
VALUES (1, 'transaction', 7, 10, '2025-06-21 15:00:00');
INSERT INTO points_log (user_id, source, source_id, points, created_at)
VALUES (1, 'goal', 1, 75, '2025-06-30 01:00:00');
INSERT INTO points_log (user_id, source, source_id, points, created_at)
VALUES (1, 'achievement', 80, 30, '2025-06-25 10:00:00');
INSERT INTO points_log (user_id, source, source_id, points, created_at)
VALUES (1, 'transaction', 38, 30, '2025-06-18 12:00:00');
INSERT INTO points_log (user_id, source, source_id, points, created_at)
VALUES (1, 'goal', 1, 50, '2025-06-14 06:00:00');
INSERT INTO points_log (user_id, source, source_id, points, created_at)
VALUES (1, 'achievement', 41, 50, '2025-06-14 04:00:00');
INSERT INTO points_log (user_id, source, source_id, points, created_at)
VALUES (1, 'achievement', 85, 10, '2025-06-04 19:00:00');
INSERT INTO points_log (user_id, source, source_id, points, created_at)
VALUES (1, 'challenge', 32, 100, '2025-06-30 09:00:00');
INSERT INTO points_log (user_id, source, source_id, points, created_at)
VALUES (1, 'goal', 99, 20, '2025-06-23 05:00:00');
INSERT INTO points_log (user_id, source, source_id, points, created_at)
VALUES (1, 'quiz', 98, 30, '2025-07-01 23:00:00');
INSERT INTO points_log (user_id, source, source_id, points, created_at)
VALUES (1, 'quiz', 87, 30, '2025-06-24 11:00:00');
INSERT INTO points_log (user_id, source, source_id, points, created_at)
VALUES (1, 'quiz', 83, 30, '2025-06-14 17:00:00');
INSERT INTO points_log (user_id, source, source_id, points, created_at)
VALUES (1, 'transaction', 30, 50, '2025-06-01 23:00:00');
INSERT INTO points_log (user_id, source, source_id, points, created_at)
VALUES (1, 'transaction', 26, 30, '2025-06-20 18:00:00');
INSERT INTO points_log (user_id, source, source_id, points, created_at)
VALUES (2, 'transaction', 30, 75, '2025-06-30 00:00:00');
INSERT INTO points_log (user_id, source, source_id, points, created_at)
VALUES (2, 'quiz', 47, 30, '2025-06-30 12:00:00');
INSERT INTO points_log (user_id, source, source_id, points, created_at)
VALUES (2, 'achievement', 28, 10, '2025-06-12 09:00:00');
INSERT INTO points_log (user_id, source, source_id, points, created_at)
VALUES (2, 'challenge', 17, 100, '2025-06-16 23:00:00');
INSERT INTO points_log (user_id, source, source_id, points, created_at)
VALUES (2, 'goal', 65, 100, '2025-06-04 14:00:00');
INSERT INTO points_log (user_id, source, source_id, points, created_at)
VALUES (2, 'challenge', 89, 100, '2025-06-19 18:00:00');
INSERT INTO points_log (user_id, source, source_id, points, created_at)
VALUES (2, 'challenge', 26, 10, '2025-06-08 21:00:00');
INSERT INTO points_log (user_id, source, source_id, points, created_at)
VALUES (2, 'challenge', 37, 5, '2025-06-13 03:00:00');
INSERT INTO points_log (user_id, source, source_id, points, created_at)
VALUES (3, 'goal', 8, 10, '2025-06-14 22:00:00');
INSERT INTO points_log (user_id, source, source_id, points, created_at)
VALUES (3, 'transaction', 19, 100, '2025-06-27 03:00:00');
INSERT INTO points_log (user_id, source, source_id, points, created_at)
VALUES (3, 'achievement', 50, 10, '2025-06-25 00:00:00');
INSERT INTO points_log (user_id, source, source_id, points, created_at)
VALUES (3, 'quiz', 11, 20, '2025-06-13 08:00:00');
INSERT INTO points_log (user_id, source, source_id, points, created_at)
VALUES (3, 'goal', 36, 75, '2025-06-04 01:00:00');
INSERT INTO points_log (user_id, source, source_id, points, created_at)
VALUES (3, 'quiz', 19, 50, '2025-06-26 12:00:00');
INSERT INTO points_log (user_id, source, source_id, points, created_at)
VALUES (3, 'transaction', 85, 20, '2025-06-30 06:00:00');
INSERT INTO points_log (user_id, source, source_id, points, created_at)
VALUES (3, 'challenge', 49, 100, '2025-06-13 11:00:00');
INSERT INTO points_log (user_id, source, source_id, points, created_at)
VALUES (3, 'transaction', 49, 100, '2025-06-22 07:00:00');
INSERT INTO points_log (user_id, source, source_id, points, created_at)
VALUES (3, 'achievement', 14, 75, '2025-06-30 11:00:00');
INSERT INTO points_log (user_id, source, source_id, points, created_at)
VALUES (3, 'transaction', 97, 20, '2025-06-03 00:00:00');
INSERT INTO points_log (user_id, source, source_id, points, created_at)
VALUES (3, 'achievement', 28, 30, '2025-06-26 23:00:00');
INSERT INTO points_log (user_id, source, source_id, points, created_at)
VALUES (3, 'achievement', 39, 20, '2025-06-15 06:00:00');
INSERT INTO points_log (user_id, source, source_id, points, created_at)
VALUES (3, 'challenge', 1, 20, '2025-06-08 20:00:00');
INSERT INTO points_log (user_id, source, source_id, points, created_at)
VALUES (3, 'achievement', 44, 30, '2025-06-10 16:00:00');
INSERT INTO points_log (user_id, source, source_id, points, created_at)
VALUES (3, 'transaction', 69, 20, '2025-06-12 12:00:00');
INSERT INTO points_log (user_id, source, source_id, points, created_at)
VALUES (3, 'challenge', 8, 100, '2025-06-22 01:00:00');
INSERT INTO points_log (user_id, source, source_id, points, created_at)
VALUES (3, 'achievement', 62, 30, '2025-06-09 16:00:00');
INSERT INTO points_log (user_id, source, source_id, points, created_at)
VALUES (3, 'achievement', 77, 100, '2025-06-13 00:00:00');
INSERT INTO points_log (user_id, source, source_id, points, created_at)
VALUES (3, 'quiz', 7, 50, '2025-06-28 02:00:00');
INSERT INTO points_log (user_id, source, source_id, points, created_at)
VALUES (3, 'achievement', 90, 40, '2025-06-10 19:00:00');
INSERT INTO points_log (user_id, source, source_id, points, created_at)
VALUES (4, 'achievement', 80, 20, '2025-06-28 15:00:00');
INSERT INTO points_log (user_id, source, source_id, points, created_at)
VALUES (4, 'challenge', 9, 100, '2025-06-19 11:00:00');
INSERT INTO points_log (user_id, source, source_id, points, created_at)
VALUES (4, 'quiz', 56, 20, '2025-06-10 06:00:00');
INSERT INTO points_log (user_id, source, source_id, points, created_at)
VALUES (4, 'challenge', 94, 75, '2025-06-20 13:00:00');
INSERT INTO points_log (user_id, source, source_id, points, created_at)
VALUES (4, 'quiz', 41, 20, '2025-06-17 19:00:00');
INSERT INTO points_log (user_id, source, source_id, points, created_at)
VALUES (4, 'challenge', 43, 30, '2025-06-23 11:00:00');
INSERT INTO points_log (user_id, source, source_id, points, created_at)
VALUES (5, 'quiz', 6, 100, '2025-06-20 23:00:00');
INSERT INTO points_log (user_id, source, source_id, points, created_at)
VALUES (5, 'challenge', 100, 100, '2025-06-16 17:00:00');
INSERT INTO points_log (user_id, source, source_id, points, created_at)
VALUES (5, 'achievement', 55, 20, '2025-06-17 09:00:00');
INSERT INTO points_log (user_id, source, source_id, points, created_at)
VALUES (5, 'goal', 5, 100, '2025-06-04 10:00:00');
INSERT INTO points_log (user_id, source, source_id, points, created_at)
VALUES (5, 'transaction', 78, 20, '2025-06-25 12:00:00');
INSERT INTO points_log (user_id, source, source_id, points, created_at)
VALUES (5, 'achievement', 45, 30, '2025-06-18 17:00:00');
INSERT INTO points_log (user_id, source, source_id, points, created_at)
VALUES (5, 'transaction', 22, 30, '2025-06-12 04:00:00');
INSERT INTO points_log (user_id, source, source_id, points, created_at)
VALUES (5, 'quiz', 85, 20, '2025-06-30 00:00:00');
INSERT INTO points_log (user_id, source, source_id, points, created_at)
VALUES (5, 'challenge', 10, 20, '2025-06-18 23:00:00');
INSERT INTO points_log (user_id, source, source_id, points, created_at)
VALUES (5, 'challenge', 69, 50, '2025-06-04 02:00:00');
INSERT INTO points_log (user_id, source, source_id, points, created_at)
VALUES (5, 'goal', 43, 100, '2025-06-06 04:00:00');
INSERT INTO points_log (user_id, source, source_id, points, created_at)
VALUES (5, 'goal', 65, 75, '2025-06-29 18:00:00');
INSERT INTO points_log (user_id, source, source_id, points, created_at)
VALUES (5, 'goal', 24, 100, '2025-06-13 23:00:00');
INSERT INTO points_log (user_id, source, source_id, points, created_at)
VALUES (5, 'challenge', 10, 20, '2025-07-01 05:00:00');
INSERT INTO points_log (user_id, source, source_id, points, created_at)
VALUES (5, 'goal', 49, 100, '2025-06-25 10:00:00');
INSERT INTO points_log (user_id, source, source_id, points, created_at)
VALUES (5, 'quiz', 48, 50, '2025-06-08 14:00:00');
INSERT INTO points_log (user_id, source, source_id, points, created_at)
VALUES (5, 'quiz', 10, 10, '2025-06-24 09:00:00');
INSERT INTO points_log (user_id, source, source_id, points, created_at)
VALUES (5, 'goal', 72, 30, '2025-06-13 03:00:00');
INSERT INTO points_log (user_id, source, source_id, points, created_at)
VALUES (5, 'transaction', 67, 10, '2025-06-19 10:00:00');
INSERT INTO points_log (user_id, source, source_id, points, created_at)
VALUES (5, 'achievement', 95, 10, '2025-06-20 07:00:00');
INSERT INTO points_log (user_id, source, source_id, points, created_at)
VALUES (5, 'transaction', 48, 50, '2025-06-05 12:00:00');
INSERT INTO points_log (user_id, source, source_id, points, created_at)
VALUES (5, 'challenge', 67, 75, '2025-06-15 01:00:00');
INSERT INTO points_log (user_id, source, source_id, points, created_at)
VALUES (5, 'quiz', 59, 75, '2025-06-05 23:00:00');
INSERT INTO points_log (user_id, source, source_id, points, created_at)
VALUES (5, 'transaction', 5, 100, '2025-06-16 07:00:00');
INSERT INTO points_log (user_id, source, source_id, points, created_at)
VALUES (5, 'quiz', 75, 55, '2025-06-03 19:00:00');
INSERT INTO points_log (user_id, source, source_id, points, created_at)
VALUES (6, 'quiz', 57, 100, '2025-06-03 15:00:00');
INSERT INTO points_log (user_id, source, source_id, points, created_at)
VALUES (6, 'challenge', 56, 20, '2025-06-30 21:00:00');
INSERT INTO points_log (user_id, source, source_id, points, created_at)
VALUES (7, 'achievement', 9, 10, '2025-06-26 07:00:00');
INSERT INTO points_log (user_id, source, source_id, points, created_at)
VALUES (7, 'transaction', 90, 100, '2025-06-26 06:00:00');
INSERT INTO points_log (user_id, source, source_id, points, created_at)
VALUES (7, 'goal', 17, 10, '2025-06-22 12:00:00');
INSERT INTO points_log (user_id, source, source_id, points, created_at)
VALUES (7, 'challenge', 42, 30, '2025-06-18 03:00:00');
INSERT INTO points_log (user_id, source, source_id, points, created_at)
VALUES (7, 'goal', 98, 30, '2025-06-24 14:00:00');
INSERT INTO points_log (user_id, source, source_id, points, created_at)
VALUES (7, 'quiz', 99, 10, '2025-06-04 04:00:00');
INSERT INTO points_log (user_id, source, source_id, points, created_at)
VALUES (7, 'transaction', 98, 50, '2025-06-01 15:00:00');
INSERT INTO points_log (user_id, source, source_id, points, created_at)
VALUES (7, 'challenge', 66, 75, '2025-06-22 00:00:00');
INSERT INTO points_log (user_id, source, source_id, points, created_at)
VALUES (7, 'quiz', 54, 30, '2025-06-23 16:00:00');
INSERT INTO points_log (user_id, source, source_id, points, created_at)
VALUES (7, 'transaction', 66, 30, '2025-06-12 14:00:00');
INSERT INTO points_log (user_id, source, source_id, points, created_at)
VALUES (7, 'achievement', 23, 50, '2025-06-10 21:00:00');
INSERT INTO points_log (user_id, source, source_id, points, created_at)
VALUES (7, 'quiz', 50, 75, '2025-06-02 08:00:00');
INSERT INTO points_log (user_id, source, source_id, points, created_at)
VALUES (7, 'goal', 90, 60, '2025-06-17 23:00:00');
INSERT INTO points_log (user_id, source, source_id, points, created_at)
VALUES (8, 'goal', 8, 20, '2025-06-15 17:00:00');
INSERT INTO points_log (user_id, source, source_id, points, created_at)
VALUES (8, 'goal', 43, 30, '2025-06-28 12:00:00');
INSERT INTO points_log (user_id, source, source_id, points, created_at)
VALUES (8, 'transaction', 88, 20, '2025-06-30 20:00:00');
INSERT INTO points_log (user_id, source, source_id, points, created_at)
VALUES (8, 'challenge', 72, 75, '2025-06-17 07:00:00');
INSERT INTO points_log (user_id, source, source_id, points, created_at)
VALUES (8, 'challenge', 87, 100, '2025-06-04 04:00:00');
INSERT INTO points_log (user_id, source, source_id, points, created_at)
VALUES (8, 'quiz', 76, 10, '2025-06-16 12:00:00');
INSERT INTO points_log (user_id, source, source_id, points, created_at)
VALUES (8, 'transaction', 17, 100, '2025-06-04 20:00:00');
INSERT INTO points_log (user_id, source, source_id, points, created_at)
VALUES (8, 'quiz', 16, 75, '2025-06-01 19:00:00');
INSERT INTO points_log (user_id, source, source_id, points, created_at)
VALUES (8, 'goal', 93, 30, '2025-06-11 09:00:00');
INSERT INTO points_log (user_id, source, source_id, points, created_at)
VALUES (8, 'challenge', 52, 50, '2025-06-30 20:00:00');
INSERT INTO points_log (user_id, source, source_id, points, created_at)
VALUES (8, 'challenge', 1, 75, '2025-06-11 17:00:00');
INSERT INTO points_log (user_id, source, source_id, points, created_at)
VALUES (8, 'achievement', 60, 10, '2025-07-01 06:00:00');
INSERT INTO points_log (user_id, source, source_id, points, created_at)
VALUES (8, 'goal', 30, 20, '2025-07-01 21:00:00');
INSERT INTO points_log (user_id, source, source_id, points, created_at)
VALUES (8, 'achievement', 76, 100, '2025-07-01 17:00:00');
INSERT INTO points_log (user_id, source, source_id, points, created_at)
VALUES (8, 'goal', 14, 20, '2025-06-04 23:00:00');
INSERT INTO points_log (user_id, source, source_id, points, created_at)
VALUES (8, 'goal', 76, 30, '2025-06-18 20:00:00');
INSERT INTO points_log (user_id, source, source_id, points, created_at)
VALUES (8, 'challenge', 47, 100, '2025-06-26 18:00:00');
INSERT INTO points_log (user_id, source, source_id, points, created_at)
VALUES (8, 'achievement', 86, 15, '2025-06-03 03:00:00');
INSERT INTO points_log (user_id, source, source_id, points, created_at)
VALUES (9, 'transaction', 80, 10, '2025-06-26 15:00:00');
INSERT INTO points_log (user_id, source, source_id, points, created_at)
VALUES (9, 'quiz', 71, 20, '2025-06-11 15:00:00');
INSERT INTO points_log (user_id, source, source_id, points, created_at)
VALUES (9, 'transaction', 88, 20, '2025-06-23 20:00:00');
INSERT INTO points_log (user_id, source, source_id, points, created_at)
VALUES (9, 'transaction', 97, 50, '2025-06-02 23:00:00');
INSERT INTO points_log (user_id, source, source_id, points, created_at)
VALUES (9, 'quiz', 96, 50, '2025-06-28 11:00:00');
INSERT INTO points_log (user_id, source, source_id, points, created_at)
VALUES (9, 'transaction', 24, 10, '2025-06-07 09:00:00');
INSERT INTO points_log (user_id, source, source_id, points, created_at)
VALUES (9, 'achievement', 33, 30, '2025-06-11 21:00:00');
INSERT INTO points_log (user_id, source, source_id, points, created_at)
VALUES (10, 'achievement', 66, 20, '2025-06-18 03:00:00');
INSERT INTO points_log (user_id, source, source_id, points, created_at)
VALUES (10, 'quiz', 72, 100, '2025-06-16 07:00:00');
INSERT INTO points_log (user_id, source, source_id, points, created_at)
VALUES (10, 'achievement', 30, 50, '2025-06-12 09:00:00');
INSERT INTO points_log (user_id, source, source_id, points, created_at)
VALUES (10, 'challenge', 27, 100, '2025-06-13 18:00:00');
INSERT INTO points_log (user_id, source, source_id, points, created_at)
VALUES (10, 'transaction', 89, 30, '2025-06-21 15:00:00');
INSERT INTO points_log (user_id, source, source_id, points, created_at)
VALUES (10, 'goal', 93, 30, '2025-06-13 02:00:00');
INSERT INTO points_log (user_id, source, source_id, points, created_at)
VALUES (10, 'transaction', 41, 50, '2025-06-09 20:00:00');
INSERT INTO points_log (user_id, source, source_id, points, created_at)
VALUES (10, 'transaction', 82, 50, '2025-06-09 21:00:00');
INSERT INTO points_log (user_id, source, source_id, points, created_at)
VALUES (10, 'quiz', 42, 30, '2025-07-01 14:00:00');
INSERT INTO points_log (user_id, source, source_id, points, created_at)
VALUES (10, 'challenge', 93, 75, '2025-06-28 12:00:00');
INSERT INTO points_log (user_id, source, source_id, points, created_at)
VALUES (10, 'challenge', 53, 10, '2025-06-07 00:00:00');
INSERT INTO points_log (user_id, source, source_id, points, created_at)
VALUES (10, 'achievement', 99, 100, '2025-06-19 15:00:00');
INSERT INTO points_log (user_id, source, source_id, points, created_at)
VALUES (10, 'quiz', 83, 30, '2025-06-14 11:00:00');
INSERT INTO points_log (user_id, source, source_id, points, created_at)
VALUES (10, 'transaction', 76, 100, '2025-06-15 04:00:00');
INSERT INTO points_log (user_id, source, source_id, points, created_at)
VALUES (10, 'achievement', 64, 50, '2025-06-18 02:00:00');
INSERT INTO points_log (user_id, source, source_id, points, created_at)
VALUES (10, 'achievement', 5, 75, '2025-06-11 06:00:00');
INSERT INTO points_log (user_id, source, source_id, points, created_at)
VALUES (10, 'transaction', 31, 50, '2025-06-22 03:00:00');
INSERT INTO points_log (user_id, source, source_id, points, created_at)
VALUES (10, 'goal', 65, 20, '2025-06-23 08:00:00');


-- =====================================
-- Seed Script for Leaderboard Entries
-- =====================================


INSERT INTO leaderboard_entries (user_id, leaderboard_score, ranking)
SELECT user_id, total_points, DENSE_RANK() OVER (ORDER BY total_points DESC)
FROM user_points;








INSERT INTO module_banners (banner_image_path) VALUES 
  ('module_banners/budgeting_banner.jpg');

INSERT INTO learning_modules (module_title, topic, difficulty, module_banner_id) VALUES 
  ('Budgeting Basics', 'Personal Finance', 'beginner', 1);


INSERT INTO lessons (module_id, lesson_number, lesson_title, content, estimated_duration) VALUES 
  (1, 1, 'What is Budgeting and Why it Matters', 
  'Budgeting is the act of creating a plan to manage your income and expenses. It gives you control over your money by helping you understand where it goes and how much you can allocate to your needs, wants, and future goals. A budget isn''t about restricting your lifestyleit''s about making sure your spending aligns with what you truly value and want to achieve.

  Without a budget, it''s easy to overspend and find yourself falling short when emergencies arise or bills are due. Budgeting reduces financial stress, helps avoid debt, and empowers you to make informed financial decisions. Whether you''re a student managing an allowance or an adult with a salary, budgeting is a foundational skill that builds financial independence.', 6
  );

INSERT INTO lessons (module_id, lesson_number, lesson_title, content, estimated_duration) VALUES 
  (1, 2, 'Understanding Your Income and Expenses', 
  'The first step in budgeting is understanding how much money you have and where it''s going. Income includes anything you earnyour salary, side hustles, stipends, or allowances. Expenses, on the other hand, are the things you spend money on. These are usually split into two categories: fixed (like rent, subscriptions, school fees) and variable (like groceries, entertainment, or dining out).

  Tracking every expense, even the small ones, helps reveal patterns in your spending. Many people underestimate how much they spend on daily coffees or spontaneous takeouts. Using tools like budgeting apps or even a simple spreadsheet can give you a clear view of your financial habits. Once you see your income versus expenses laid out, you can start making smarter choices about where to cut back and where to allocate more.', 7
  );


INSERT INTO lessons (module_id, lesson_number, lesson_title, content, estimated_duration) VALUES 
  (1, 3, 'Setting Financial Goals', 
  'Financial goals are the targets you aim to reach with your money. They help you stay motivated and focused when making spending decisions. Goals can be short-term (saving for a concert, emergency fund), medium-term (paying off a loan, getting a new laptop), or long-term (saving for university or a car). The clearer your goals are, the easier it becomes to prioritize your spending around them.

  When setting goals, make them SMART: Specific, Measurable, Achievable, Relevant, and Time-bound. For example, instead of saying "I want to save money," a SMART goal would be: I want to save R1,500 in 3 months for a new phone by saving R125 each week. Having a plan like this makes it easier to stay on track and adjust your budget if needed.', 6
  );


INSERT INTO lessons (module_id, lesson_number, lesson_title, content, estimated_duration) VALUES 
  (1, 4, 'Building a Simple Monthly Budget', 
  'Now that you understand your income, expenses, and goals, it''s time to create your actual budget. A popular method is the 50/30/20 rule: 50% of your income goes to needs (rent, transport, groceries), 30% to wants (clothes, takeout, hobbies), and 20% to savings or debt repayments. This method gives structure while leaving room for flexibility and enjoyment.

  Start by writing down your monthly income, then subtract your fixed and variable expenses. Allocate money to each category using the rule as a guide, adjusting percentages based on your situation. Don''t forget to review your budget at the end of each monthlook at what worked and what didn''t. Budgeting is not staticit evolves with your lifestyle, goals, and unexpected changes.', 8
  );

INSERT INTO lessons (module_id, lesson_number, lesson_title, content, estimated_duration) VALUES 
  (1, 5, 'Sticking to Your Budget', 
  'Creating a budget is one thingsticking to it is where the real challenge lies. Consistency is key. You can use mobile apps, reminders, or a weekly financial check-in to keep your spending in check. Keep track of your receipts or transactions and review them every few days. This habit keeps you aware of where your money is going and helps you avoid end-of-month surprises.

  It''s also important to allow flexibility. Life happensmaybe an emergency pops up or a one-time deal you can''t miss. If you overspend one week, reduce your spending the next. Forgive slip-ups, but always get back on track. Reward yourself (in small, affordable ways) for hitting savings goals or sticking to your plan. Financial success doesn''t come from perfectionit comes from persistence.', 7
  );

INSERT INTO quizzes (module_id, questions_jsonb, max_score, pass_score) VALUES 
  (1, 
  '[
      {
          "question": "What is the primary purpose of budgeting?",
          "options": [
              "To restrict your spending completely",
              "To help you manage your income and expenses effectively",
              "To make you rich quickly",
              "To track only your large purchases"
          ],
          "correct_answer": 1,
          "points": 1
      },
      {
          "question": "What are the two main categories of expenses?",
          "options": [
              "Income and savings",
              "Fixed and variable",
              "Large and small",
              "Personal and business"
          ],
          "correct_answer": 1,
          "points": 1
      },
      {
          "question": "What does the SMART acronym stand for in financial goal setting?",
          "options": [
              "Simple, Manageable, Achievable, Realistic, Timely",
              "Specific, Measurable, Achievable, Relevant, Time-bound",
              "Strategic, Meaningful, Actionable, Responsible, Targeted",
              "Savings, Money, Assets, Resources, Treasury"
          ],
          "correct_answer": 1,
          "points": 1
      },
      {
          "question": "According to the 50/30/20 rule, what percentage should go to needs?",
          "options": ["20%", "30%", "50%", "70%"],
          "correct_answer": 2,
          "points": 1
      },
      {
          "question": "What is the key to successful budgeting?",
          "options": [
              "Perfection in following the budget",
              "Complete avoidance of all wants",
              "Persistence and consistency",
              "Earning more money"
          ],
          "correct_answer": 2,
          "points": 1
      }
  ]', 
  5, 3);

INSERT INTO module_banners (banner_image_path) VALUES 
  ('module_banners/investment_banner.jpg');

INSERT INTO learning_modules (module_title, topic, difficulty, module_banner_id) VALUES 
  (
    'Investment Fundamentals', 
    'Wealth Building', 
    'intermediate', 
    (SELECT module_banner_id FROM module_banners WHERE banner_image_path = 'module_banners/investment_banner.jpg' LIMIT 1)
  );

INSERT INTO lessons (module_id, lesson_number, lesson_title, content, estimated_duration) VALUES 
  (
    (SELECT module_id FROM learning_modules WHERE module_title = 'Investment Fundamentals' LIMIT 1),
    1,
    'Introduction to Investing',
    'Investing is the process of allocating money with the expectation of generating profit or income. Unlike saving, which focuses on preserving money, investing aims to grow your wealth over time through various assets like stocks, bonds, and real estate.

  Key Benefits:
  - Potential for higher returns than savings accounts
  - Protection against inflation
  - Building long-term wealth
  - Generating passive income

  Common Investment Vehicles:
  1. Stocks (Equities)
  2. Bonds (Fixed Income)
  3. Mutual Funds & ETFs
  4. Real Estate
  5. Commodities (Gold, Oil, etc.)

  Understanding your risk tolerance and investment horizon is crucial before beginning your investment journey.',
    7
  );

INSERT INTO lessons (module_id, lesson_number, lesson_title, content, estimated_duration) VALUES 
  (
    (SELECT module_id FROM learning_modules WHERE module_title = 'Investment Fundamentals' LIMIT 1),
    2,
    'Understanding Risk and Return',
    'The relationship between risk and return is fundamental to investing. Generally, higher potential returns come with higher risk.

  Types of Investment Risk:
  - Market Risk: Overall market fluctuations
  - Inflation Risk: Purchasing power erosion
  - Interest Rate Risk: Bond price sensitivity
  - Liquidity Risk: Difficulty selling assets
  - Concentration Risk: Overexposure to one asset

  Risk Management Strategies:
  1. Diversification: Spreading investments across different assets
  2. Asset Allocation: Balancing stocks, bonds, and other assets
  3. Dollar-Cost Averaging: Investing fixed amounts regularly
  4. Rebalancing: Adjusting portfolio periodically

  Historical Average Annual Returns:
  - Stocks: ~7-10%
  - Bonds: ~3-5%
  - Savings Accounts: ~0.5-2%',
    8
  );

INSERT INTO lessons (module_id, lesson_number, lesson_title, content, estimated_duration) VALUES 
  (
    (SELECT module_id FROM learning_modules WHERE module_title = 'Investment Fundamentals' LIMIT 1),
    3,
  'Stock Market: Your Moneys Playground',
    'Think of the stock market like a giant marketplace where pieces of companies (called shares) are bought and sold. It''s where your money can grow while you focus on living your life!

   Quick Cheat Sheet:
  - NYSE/NASDAQ/JSE = Different "shops" where stocks are traded
  - Bull market = Prices going up ( like a bulls horns)
  - Bear market = Prices going down ( like a bear swiping down)
  - Market cap = Company size (Large = established, Small = up-and-coming)

   How People Make Money:
  1. Price goes up  Sell for profit (Capital gains)
  2. Company shares profits  You get paid (Dividends)

   Pro Tips for Beginners:
   Start with companies you know (Love their products? Research them!)
   Don''t put all your cash in one stock (That''s like only eating pizza forever)
   Ignore the hype (If everyone''s screaming "BUY NOW!", take a breath)

   Fun Fact: 
  If you''d invested R1,000 in Naspers in 1994, it''d be worth over R2 million today! But remember  past performance  future results.

   Buying Stocks is Easier Than You Think:
  1. Choose an app (EasyEquities, ETFSA, etc.)
  2. Deposit money
  3. Buy shares (as little as R100!)
  4. Watch your money work for you (but don''t check daily!)',
    8
  );

INSERT INTO lessons (module_id, lesson_number, lesson_title, content, estimated_duration) VALUES 
  (
    (SELECT module_id FROM learning_modules WHERE module_title = 'Investment Fundamentals' LIMIT 1),
    4,
    'Building a Diversified Portfolio',
    'A well-diversified portfolio reduces risk while maximizing returns potential. Your asset allocation should match your goals and risk tolerance.

  Portfolio Construction Principles:
  1. The 60/40 Rule: 60% stocks, 40% bonds (traditional)
  2. Age-Based Allocation: (100 - age)% in stocks
  3. Core-Satellite Approach: Index funds + individual picks

  Rebalancing Strategies:
  - Calendar-Based: Quarterly/annually
  - Threshold-Based: When allocations deviate 5-10%

  Example Portfolio for Moderate Risk:
  - 50% Domestic Stocks
  - 20% International Stocks
  - 20% Bonds
  - 5% Real Estate (REITs)
  - 5% Cash',
    8
  );

INSERT INTO lessons (module_id, lesson_number, lesson_title, content, estimated_duration) VALUES 
  (
    (SELECT module_id FROM learning_modules WHERE module_title = 'Investment Fundamentals' LIMIT 1),
    5,
    'Long-Term Investment Strategies',
    'Successful investing requires patience and discipline. These proven strategies help investors build wealth over time.

  Buy-and-Hold Strategy:
  - Invest in quality companies
  - Hold through market fluctuations
  - Benefit from compounding returns

  Index Investing:
  - Low-cost index funds/ETFs
  - Matches market performance
  - Minimal maintenance required

  Dividend Growth Investing:
  - Focus on companies with growing dividends
  - Reinvest dividends for compounding
  - Provides income in retirement

  Common Mistakes to Avoid:
  - Emotional trading
  - Chasing "hot" stocks
  - Market timing attempts
  - Overconcentration in one sector',
    7
  );

INSERT INTO quizzes (module_id, questions_jsonb, max_score, pass_score) VALUES 
  (
    (SELECT module_id FROM learning_modules WHERE module_title = 'Investment Fundamentals' LIMIT 1),
    '[{
        "question": "What is the primary purpose of investing?",
        "options": [
          "To keep money completely safe",
          "To grow wealth over time",
          "To avoid paying taxes",
          "To impress friends with financial knowledge"
        ],
        "correct_answer": 1,
        "points": 1
      },
      {
        "question": "Which investment typically carries the highest risk?",
        "options": [
          "Government bonds",
          "Savings accounts",
          "Blue-chip stocks",
          "Cryptocurrencies"
        ],
        "correct_answer": 3,
        "points": 1
      },
      {
        "question": "What does diversification aim to achieve?",
        "options": [
          "Maximize returns on a single stock",
          "Reduce overall portfolio risk",
          "Time the market perfectly",
          "Avoid all investment losses"
        ],
        "correct_answer": 1,
        "points": 1
      },
      {
        "question": "What is a key benefit of dollar-cost averaging?",
        "options": [
          "Eliminates all investment risk",
          "Guarantees above-market returns",
          "Reduces impact of market volatility",
          "Requires large upfront capital"
        ],
        "correct_answer": 2,
        "points": 1
      },
      {
        "question": "Which strategy focuses on reinvesting profits?",
        "options": [
          "Market timing",
          "Day trading",
          "Dividend growth investing",
          "Short selling"
        ],
        "correct_answer": 2,
        "points": 1
      }]',
    5,
    3
  );

INSERT INTO module_banners (banner_image_path) VALUES 
 ('module_banners/credit_banner.jpg');

INSERT INTO learning_modules (module_title, topic, difficulty, module_banner_id) VALUES 
  (
    'Credit Sensei', 
    'Smart Borrowing', 
    'beginner', 
    (SELECT module_banner_id FROM module_banners WHERE banner_image_path = 'module_banners/credit_banner.jpg' LIMIT 1)
  );

INSERT INTO lessons (module_id, lesson_number, lesson_title, content, estimated_duration) VALUES 
  (
    (SELECT module_id FROM learning_modules WHERE module_title = 'Credit Sensei' LIMIT 1),
    1,
    'Credit 101 - The Adulting Hack',
    ' Credit = Borrowing money now that you promise to pay back later (with interest!). It''s like a financial trust score that follows you everywhere.

   Why It Matters:
  - Can help you buy a car/home/start business
  - Affects cellphone contracts & apartment rentals
  - Good credit = lower interest rates = more money saved

   Credit Golden Rule:
  "Only borrow what you can DEFINITELY pay back by payday" - Your Future Self

   Credit Types:
   Credit cards (like a reusable loan)
   Store accounts (Hi, Mr Price!)
   Personal loans (Bigger amounts)
   Student loans (Education investment)

   Pro Tip: 
  Check your credit report for free once a year at TransUnion or Experian!',
    6
  );

INSERT INTO lessons (module_id, lesson_number, lesson_title, content, estimated_duration) VALUES 
  (
    (SELECT module_id FROM learning_modules WHERE module_title = 'Credit Sensei' LIMIT 1),
    2,
    'Credit Scores Demystified',
    'Your credit score is like a financial report card (but way more important than matric!). Scores range 0-999:

   767+ = Credit Ninja
   681-766 = On Your Way
   0-680 = Needs Work

   What Affects Your Score:
  1. Payment History (35%) - Pay on time, every time!
  2. Amounts Owed (30%) - Keep balances <30% of limit
  3. Credit Age (15%) - Older accounts help
  4. Credit Mix (10%) - Different types (but don''t overdo it)
  5. New Credit (10%) - Too many applications = red flag

   Quick Boosters:
   Set up debit orders for minimum payments
   Keep old accounts open (even if unused)
   Space out credit applications',
    7
  );

INSERT INTO lessons (module_id, lesson_number, lesson_title, content, estimated_duration) VALUES 
  (
    (SELECT module_id FROM learning_modules WHERE module_title = 'Credit Sensei' LIMIT 1),
    3,
    'Credit Cards - Friend or Foe?',
    'Credit cards are like fire - useful tool or dangerous weapon depending on how you use them!

   The Good:
   Build credit history
   Earn rewards/cashback
   Fraud protection
   Emergency cushion

   The Bad:
   20%+ interest if not paid in full
   Easy to overspend
   Fees add up quickly

   Safety Rules:
  1. ALWAYS pay full balance monthly
  2. Never use >30% of your limit
  3. Skip "buy now, pay later" unless essential
  4. Freeze your card in an actual freezer if tempted!

   Pro Hack: 
  Use your credit card like a debit card - only spend what''s in your bank account right now.',
    8
  );

INSERT INTO lessons (module_id, lesson_number, lesson_title, content, estimated_duration) VALUES 
  (
    (SELECT module_id FROM learning_modules WHERE module_title = 'Credit Sensei' LIMIT 1),
    4,
    'Debt Dig-Out Strategies',
    'In a debt hole? Stop digging! Here''s your escape ladder:

   Danger Signs:
   Paying one credit card with another
   Minimum payments only
   Lying to friends/family about debt

   Fix-It Tools:
  1 Snowball Method: 
  - Pay smallest debt first (quick wins!)
  - Then roll that payment to next debt

  2 Avalanche Method:
  - Attack highest interest debt first
  - Saves most money long-term

  3 Debt Consolidation:
  - Combine debts into one lower-interest loan
  - BUT don''t run up cards again!

   Lifelines:
   National Debtline (0800 20 57 28)
   Debt counseling (it''s confidential!)',
    7
  );

INSERT INTO lessons (module_id, lesson_number, lesson_title, content, estimated_duration) VALUES 
  (
    (SELECT module_id FROM learning_modules WHERE module_title = 'Credit Sensei' LIMIT 1),
    5,
    'Credit Hacks for Big Goals',
    'Want a car/home/business loan someday? Start prepping NOW:

   Car Loan Prep (12+ months before):
   Get credit score >650
   Save 20% deposit = better rates
   Keep debt-to-income ratio <35%

   Home Loan Game Plan:
   Need 650+ credit score
   No missed payments for 2 years
   Stable job history matters too

   Business Funding:
   Personal credit still counts
   Separate business account ASAP
   Build relationships with local banks

   Golden Rule: 
  The best time to fix your credit was last year. The second-best time? TODAY!',
    8
  );

INSERT INTO quizzes (module_id, questions_jsonb, max_score, pass_score) VALUES 
  (
    (SELECT module_id FROM learning_modules WHERE module_title = 'Credit Sensei' LIMIT 1),
    '[{
        "question": "What percentage of your credit limit should you ideally use?",
        "options": [
          "100% - max it out!",
          "30% - the golden rule",
          "75% - shows you need credit",
          "0% - never use it"
        ],
        "correct_answer": 1,
        "points": 1
      },
      {
        "question": "Which action hurts your credit score MOST?",
        "options": [
          "Checking your own score",
          "Missing a payment",
          "Having a student loan",
          "Using a debit card"
        ],
        "correct_answer": 1,
        "points": 1
      },
      {
        "question": "What''s the smartest way to use a credit card?",
        "options": [
          "Pay minimum balance monthly",
          "Pay full balance monthly",
          "Use it only for emergencies",
          "Max it out then get another"
        ],
        "correct_answer": 1,
        "points": 1
      },
      {
        "question": "Which debt repayment method focuses on quick wins?",
        "options": [
          "Snowball method",
          "Avalanche method",
          "Ostrich method (ignore it)",
          "YOLO method"
        ],
        "correct_answer": 0,
        "points": 1
      },
      {
        "question": "What''s the MAIN risk of debt consolidation?",
        "options": [
          "Lower credit utilization",
          "Accumulating new debt",
          "Faster credit score improvement",
          "Higher interest rates"
        ],
        "correct_answer": 1,
        "points": 1
      }]',
    5,
    3
  );

INSERT INTO module_banners (banner_image_path)  VALUES 
 ('module_banners/fomo_banner.jpg');

INSERT INTO learning_modules (module_title, topic, difficulty, module_banner_id) VALUES 
  (
    'FOMO vs. Future You', 
    'Social Budgeting', 
    'beginner', 
    (SELECT module_banner_id FROM module_banners WHERE banner_image_path = 'module_banners/fomo_banner.jpg' LIMIT 1)
  );

INSERT INTO lessons (module_id, lesson_number, lesson_title, content, estimated_duration) VALUES 
  (
    (SELECT module_id FROM learning_modules WHERE module_title = 'FOMO vs. Future You' LIMIT 1),
    1,
    'Why FOMO Costs More Than Money',
    ' **FOMO Fact:** The average South African spends **R1,200/month** on unplanned social outings (yes, that''s **R14k/year!**).  

   **What''s Really Happening?**  
  - You say *"It''s just one night out!"*  But 5 "just one nights" = a month''s savings.  
  - **Hidden Cost:** The *"I''ll fix it later"* mindset keeps you stuck in paycheck-to-paycheck mode.  

   **This Lesson''s Goal:**  
  Identify your **FOMO Triggers**:  
  1. **Scrolling Instagram**  "They''re all at the club!"  
  2. **Group Chats**  "Everyone''s going!"  
  3. **FOMO Discounts**  "Last chance! Sale ends tonight!"  

   **Try This:**  
  Next time you feel FOMO, **pause and ask**:  
  *"Will I remember this in 3 months? Or would Future Me rather have R500 closer to a car deposit?"*',
    6
  );

INSERT INTO lessons (module_id, lesson_number, lesson_title, content, estimated_duration) VALUES 
  (
    (SELECT module_id FROM learning_modules WHERE module_title = 'FOMO vs. Future You' LIMIT 1),
    2,
    'The 50/30/20 Rule for Fun & Savings',
    ' **Budget Like a Pro:**  
  Split your after-tax income like this:  
  - **50% Needs** (Rent, food, transport)  
  - **30% Wants** (Social life, Netflix, takeout)  
  - **20% Future You** (Savings, investments)  

   **Example (R10k salary):**  
  - **R3k for fun** = R750/week (still enough for 2-3 outings!)  
  - **R2k savings** = R24k/year  Hello, emergency fund!  

   **Hack:**  
  Open a **separate "Guilt-Free Fun" bank account**. When the R750 is gone, **get creative**:  
  - Host a *bring-and-braai* (cheaper than clubs!)  
  - Swap pricey cocktails for *DIY gin tastings*  
  - Try *free events* (comedy nights, hiking, beach days)  

   **Pro Tip:**  
  Automate your savings **right after payday**  Future You will high-five you later!',
    7
  );

INSERT INTO lessons (module_id, lesson_number, lesson_title, content, estimated_duration) VALUES 
  (
    (SELECT module_id FROM learning_modules WHERE module_title = 'FOMO vs. Future You' LIMIT 1),
    3,
    'The 24-Hour Rule to Stop Impulse Spending',
    ' **The Problem:**  
  FOMO makes us **spend fast**  regret later.  

   **The Fix:** **Wait 24 hours** before saying *"YES"* to any non-essential spend.  

   **Real-Life Test:**  
  1. **You see:** "Concert tickets on sale now!"  
  2. **Instead of buying immediately**, set a reminder for **tomorrow**.  
  3. **Ask yourself:**  
    - *"Can I afford this without touching savings?"*  
    - *"Is there a cheaper alternative?"* (e.g., watch the live stream?)  

   **Results:**  
  - **80% of the time**, you''ll realize you *don''t actually need it*.  
  - **20% of the time**, you''ll buy it **with zero guilt** because it was a *real* priority.  

   **Challenge:**  
  Try this for **one week** and track how much you save!',
    6
  );

INSERT INTO lessons (module_id, lesson_number, lesson_title, content, estimated_duration) VALUES 
  (
    (SELECT module_id FROM learning_modules WHERE module_title = 'FOMO vs. Future You' LIMIT 1),
    4,
    '"Fake Rich" vs. "Real Rich" Habits',
    ' **Fake Rich Habits:**  
  - Buying rounds for the whole squad *"to look cool"*  
  - Leasing a fancy car *just for Instagram*  
  - Maxing out credit cards on designer sales  

   **Real Rich Habits:**  
  - **Saying NO** to events you can''t afford  
  - **Investing in skills** (online courses > overpriced bottles)  
  - **Delayed gratification** (e.g., saving for a trip instead of clubbing weekly)  

   **Reality Check:**  
  That friend who *always* posts luxury trips?  
  - They might be **in serious debt**.  
  - **OR** they budgeted for months to afford it.  

   **Takeaway:**  
  *"We buy things we don''t need, with money we don''t have, to impress people we don''t like."*  Fight the FOMO illusion!',
    7
  );

INSERT INTO lessons (module_id, lesson_number, lesson_title, content, estimated_duration) VALUES 
  (
    (SELECT module_id FROM learning_modules WHERE module_title = 'FOMO vs. Future You' LIMIT 1),
    5,
    'How to Politely Say "I''m on a Budget"',
    ' **The Struggle:**  
  Your friends want to go to an expensive restaurant, but you''re saving. What do you say?  

   **Scripts That Work:**  
  1. *"I''m saving for [goal], but I''ll join for drinks later!"*  
  2. *"Let''s try [cheaper alternative] instead  my treat next time!"*  
  3. *"I''m doing a no-spend month, but let''s plan a braai soon!"*  

   **Better Yet  Suggest Alternatives:**  
  - **"Picnic in the park"** > R200 cocktails  
  - **"Game night at home"** > R500 club cover  
  - **"Hike + coffee"** > R300 brunch  

   **Truth Bomb:**  
  *Real friends* won''t judge you for budgeting. If they do? **Time for new friends.**',
    6
  );

INSERT INTO quizzes (module_id, questions_jsonb, max_score, pass_score) VALUES 
  (
    (SELECT module_id FROM learning_modules WHERE module_title = 'FOMO vs. Future You' LIMIT 1),
    '[{
        "question": "What''s the BEST way to handle FOMO spending?",
        "options": [
          "Buy now, worry later",
          "Use the 24-hour rule",
          "Only use credit cards",
          "Avoid friends who spend money"
        ],
        "correct_answer": 1,
        "points": 1
      },
      {
        "question": "How much of your income should go to /wants/ like social outings?",
        "options": [
          "10%",
          "30%",
          "50%",
          "80%"
        ],
        "correct_answer": 1,
        "points": 1
      },
      {
        "question": "What''s a \"Real Rich\" habit?",
        "options": [
          "Leasing a car to look successful",
          "Saving R500/month for a future goal",
          "Buying drinks for everyone at the club",
          "Maxing out credit cards on sales"
        ],
        "correct_answer": 1,
        "points": 1
      },
      {
        "question": "What''s the psychological benefit of the 24-hour rule?",
        "options": [
          "Encourages impulse buying",
          "Reduces buyer''s remorse",
          "Increases social media usage",
          "Guarantees lowest prices"
        ],
        "correct_answer": 1,
        "points": 1
      },
      {
        "question": "Which is NOT an effective budget-friendly alternative?",
        "options": [
          "Premium cocktail lounge",
          "DIY gin tasting at home",
          "Beach picnic with friends",
          "Public hiking trails"
        ],
        "correct_answer": 0,
        "points": 1
      }]',
    5,
    3
  );

INSERT INTO module_banners (banner_image_path) VALUES 
  ('module_banners/retrenchment_banner.jpg');

INSERT INTO learning_modules (module_title, topic, difficulty, module_banner_id) VALUES 
  (
    'Retrenchment Rescue', 
    'Crisis Management', 
    'beginner', 
    (SELECT module_banner_id FROM module_banners WHERE banner_image_path = 'module_banners/retrenchment_banner.jpg' LIMIT 1)
  );

INSERT INTO lessons (module_id, lesson_number, lesson_title, content, estimated_duration) VALUES 
  (
    (SELECT module_id FROM learning_modules WHERE module_title = 'Retrenchment Rescue' LIMIT 1),
    1,
    'Your 30-Day Survival Plan',
    ' **First 72 Hours Checklist:**  
  1. **Breathe.** Job loss = shock. Don''t make rash money decisions.  
  2. **Confirm paperwork**  Get retrenchment letter & UIF forms signed.  
  3. **Cut non-essentials** NOW (subscriptions, eating out).  

   **Cash Flow Triage:**  
  - **Priority 1:** Rent, utilities, food  
  - **Priority 2:** Minimum debt payments  
  - **Pause:** Savings, investments, luxury spending  

   **SA Pro Tip:**  
  Call providers *before* missing payments  many offer **payment holidays** for retrenchment (Cell C, DSTV, banks).  

   **Action Step:**  
  List your **last 3 months'' expenses**  highlight what can be paused or reduced.',
    7
  );

INSERT INTO lessons (module_id, lesson_number, lesson_title, content, estimated_duration) VALUES 
  (
    (SELECT module_id FROM learning_modules WHERE module_title = 'Retrenchment Rescue' LIMIT 1),
    2,
    'How to Claim UIF Like a Pro',
    ' **UIF Fast Facts:**  
  - You get **38-58% of your salary** for up to 12 months.  
  - First payment takes **6-8 weeks**  act FAST.  

   **Documents Needed:**  
  1. ID copy  
  2. UI-2.8 form (from employer)  
  3. UI-19 form (proof of termination)  
  4. 3 months'' bank statements  

   **Online Application Steps:**  
  1. Register on [uFiling](https://ufiling.labour.gov.za)  
  2. Upload documents  
  3. Track status via SMS  

   **Avoid These Mistakes:**  
  - Waiting >12 months to claim  
  - Not following up if payment delays  
  - Forgetting to **re-apply every 4 months**  

   **Hack:** Visit a **Labour Centre** early morning to skip queues.',
    8
  );

INSERT INTO lessons (module_id, lesson_number, lesson_title, content, estimated_duration) VALUES 
  (
    (SELECT module_id FROM learning_modules WHERE module_title = 'Retrenchment Rescue' LIMIT 1),
    3,
    'Emergency Side Hustles That Pay Fast',
    ' **Quick Cash Options (R500+ daily):**  
  - **Food Delivery** (Mr D, Uber Eats)  Use a bicycle/scooter  
  - **Freelancing** (Upwork, Fiverr)  Data entry, basic graphic design  
  - **Tutoring**  Maths/English via Zoom (R150-300/hour)  

   **Sell Smart:**  
  1. **Facebook Marketplace**  Old gadgets, clothes, furniture  
  2. **Back-a-Buddy**  Crowdfund upskilling courses  
  3. **Airvoice/Flash**  Resell prepaid data/Airtime  

   **Low-Cost Ideas:**  
  - **Car Washing** (R100/car, 5 cars/day = R500)  
  - **CV Writing** (R200 per CV for job seekers)  

   **Pro Tip:**  
  Use free Google Certificates (IT support, digital marketing) to boost earning potential.',
    7
  );

INSERT INTO lessons (module_id, lesson_number, lesson_title, content, estimated_duration) VALUES 
  (
    (SELECT module_id FROM learning_modules WHERE module_title = 'Retrenchment Rescue' LIMIT 1),
    4,
    'Emotional & Mental Health First Aid',
    ' **It''s Not Just Money  It''s Grief:**  
  - Allow yourself to feel anger/sadness (but set a *"worry time"* limit)  
  - Avoid isolation  join free support groups ([SADAG](https://www.sadag.org))  

   **Crisis Mindset Shifts:**  
  - **"I lost a job, not my worth."**  
  - **"This is temporary  what can I control?"**  

   **Free SA Resources:**  
  1. **SADAG Helpline:** 0800 456 789  
  2. **LifeLine:** 0861 322 322  
  3. **Local churches/NGOs** often offer free counseling  

   **Action Step:**  
  Schedule **one small win daily** (e.g., 10 job applications, 1 networking call).',
    6
  );

INSERT INTO lessons (module_id, lesson_number, lesson_title, content, estimated_duration) VALUES 
  (
    (SELECT module_id FROM learning_modules WHERE module_title = 'Retrenchment Rescue' LIMIT 1),
    5,
    'Bouncing Back Stronger',
    ' **Rebuild Strategy:**  
  1. **Upskill for Free:**  
    - Google Digital Garage (certificates)  
    - Coursera Financial Aid (apply for free courses)  
  2. **Network Relentlessly:**  
    - LinkedIn messages: *"I''m exploring X roles  any advice?"*  
  3. **Consider Pivoting:**  
    - Remote work (international companies hire SA talent)  

   **Future-Proofing:**  
  - **Build a 6-month emergency fund** (start small  R500/month)  
  - **Diversify income** (always have 2+ income streams)  

   **Success Story:**  
  *"After retrenchment, I learned coding via YouTube. Now I earn 3x my old salary remotely."*  Thando, 28',
    8
  );

INSERT INTO quizzes (module_id, questions_jsonb, max_score, pass_score) VALUES 
  (
    (SELECT module_id FROM learning_modules WHERE module_title = 'Retrenchment Rescue' LIMIT 1),
    '[{
        "question": "What''s the FIRST thing to do after retrenchment?",
        "options": [
          "Panic and withdraw all savings",
          "Get UIF forms signed by employer",
          "Buy lottery tickets",
          "Post about it on social media"
        ],
        "correct_answer": 1,
        "points": 1
      },
      {
        "question": "How much of your salary can UIF cover?",
        "options": [
          "10-20%",
          "38-58%",
          "80-100%",
          "UIF doesn''t pay retrenched workers"
        ],
        "correct_answer": 1,
        "points": 1
      },
      {
        "question": "Which is NOT a fast side hustle?",
        "options": [
          "Selling old clothes online",
          "Freelancing on Fiverr",
          "Waiting for the perfect job",
          "Tutoring via Zoom"
        ],
        "correct_answer": 2,
        "points": 1
      },
      {
        "question": "What''s a key mental health strategy?",
        "options": [
          "Isolate yourself completely",
          "Schedule small daily wins",
          "Avoid discussing job loss",
          "Blame yourself constantly"
        ],
        "correct_answer": 1,
        "points": 1
      },
      {
        "question": "Which expense should be PAUSED first?",
        "options": [
          "Rent/mortgage",
          "Groceries",
          "Streaming subscriptions",
          "Medical insurance"
        ],
        "correct_answer": 2,
        "points": 1
      }]',
    5,
    3
  );







INSERT INTO user_lessons (user_id, lesson_id, completed_at) VALUES
  (1, 5, '2025-06-12 14:30:00'),
  (1, 3, '2025-06-12 14:30:00'),
  (1, 8, '2025-06-15 14:30:00'),
  (1, 21, '2025-06-03 14:30:00'),
  (1, 12, '2025-06-19 14:30:00'),
  (1, 22, '2025-06-05 14:30:00'),
  (1, 13, '2025-06-17 14:30:00'),
  (1, 2, '2025-06-12 14:30:00'),
  (1, 25, '2025-06-13 14:30:00'),
  (1, 15, '2025-06-11 14:30:00'),
  (2, 9, '2025-06-05 14:30:00'),
  (2, 8, '2025-06-03 14:30:00'),
  (2, 4, '2025-06-15 14:30:00'),
  (2, 1, '2025-06-06 14:30:00'),
  (2, 6, '2025-06-15 14:30:00'),
  (2, 16, '2025-06-03 14:30:00'),
  (2, 17, '2025-06-11 14:30:00'),
  (2, 13, '2025-06-12 14:30:00'),
  (2, 23, '2025-06-03 14:30:00'),
  (2, 25, '2025-06-18 14:30:00'),
  (2, 18, '2025-06-18 14:30:00'),
  (2, 5, '2025-06-10 14:30:00'),
  (2, 12, '2025-06-10 14:30:00'),
  (2, 24, '2025-06-06 14:30:00'),
  (2, 19, '2025-06-06 14:30:00'),
  (2, 10, '2025-06-12 14:30:00'),
  (2, 14, '2025-06-17 14:30:00'),
  (2, 15, '2025-06-08 14:30:00'),
  (2, 2, '2025-06-04 14:30:00'),
  (2, 22, '2025-06-07 14:30:00'),
  (3, 8, '2025-06-13 14:30:00'),
  (3, 16, '2025-06-16 14:30:00'),
  (3, 1, '2025-06-17 14:30:00'),
  (3, 12, '2025-06-14 14:30:00'),
  (3, 18, '2025-06-14 14:30:00'),
  (3, 19, '2025-06-19 14:30:00'),
  (3, 22, '2025-06-03 14:30:00'),
  (3, 15, '2025-06-05 14:30:00'),
  (3, 5, '2025-06-11 14:30:00'),
  (3, 3, '2025-06-03 14:30:00'),
  (3, 2, '2025-06-15 14:30:00'),
  (3, 17, '2025-06-15 14:30:00'),
  (4, 1, '2025-06-10 09:00:00'),
  (4, 2, '2025-06-11 10:00:00'),
  (4, 3, '2025-06-11 11:00:00'),
  (4, 4, '2025-06-12 12:00:00'),
  (4, 5, '2025-06-13 13:00:00'),
  (5, 6, '2025-06-14 08:30:00'),
  (5, 7, '2025-06-14 09:30:00'),
  (5, 8, '2025-06-15 10:30:00'),
  (5, 9, '2025-06-15 11:30:00'),
  (5, 10, '2025-06-16 12:30:00'),
  (5, 11, '2025-06-17 13:30:00'),
  (6, 1, '2025-06-12 07:00:00'),
  (6, 12, '2025-06-13 08:00:00'),
  (6, 13, '2025-06-13 09:00:00'),
  (6, 14, '2025-06-14 10:00:00'),
  (6, 15, '2025-06-15 11:00:00'),
  (7, 16, '2025-06-10 14:00:00'),
  (7, 17, '2025-06-11 15:00:00'),
  (7, 18, '2025-06-12 16:00:00'),
  (7, 19, '2025-06-13 17:00:00'),
  (7, 20, '2025-06-14 18:00:00'),
  (8, 1, '2025-06-18 10:00:00'),
  (8, 6, '2025-06-19 11:00:00'),
  (8, 11, '2025-06-20 12:00:00'),
  (9, 21, '2025-06-08 09:45:00'),
  (9, 22, '2025-06-08 10:45:00'),
  (9, 23, '2025-06-09 11:45:00'),
  (9, 24, '2025-06-10 12:45:00'),
  (9, 25, '2025-06-11 13:45:00'),
  (10, 5, '2025-06-14 16:00:00'),
  (10, 10, '2025-06-14 17:00:00'),
  (10, 15, '2025-06-15 18:00:00'),
  (10, 20, '2025-06-16 19:00:00'),
  (10, 25, '2025-06-17 20:00:00');

INSERT INTO quiz_attempts (user_id, quiz_id, attempt_score, passed, attempt_number) VALUES
  -- User 1
  (1, 1, 1, FALSE, 1),
  (1, 1, 1, FALSE, 2),
  (1, 1, 2, FALSE, 3),
  (1, 1, 3, TRUE, 4),
  (1, 2, 3, TRUE, 1),
  (1, 3, 4, TRUE, 1),

  -- User 2
  (2, 1, 3, TRUE, 1),
  (2, 2, 5, TRUE, 1),
  (2, 4, 2, FALSE, 1),

  -- User 3
  (3, 2, 2, FALSE, 1),
  (3, 2, 4, TRUE, 2),
  (3, 4, 5, TRUE, 1),
  (3, 5, 1, FALSE, 1),

  -- User 4
  (4, 1, 5, TRUE, 1),
  (4, 3, 2, FALSE, 1),
  (4, 3, 5, TRUE, 2),

  -- User 5
  (5, 5, 4, TRUE, 1),
  (5, 5, 2, FALSE, 2),
  (5, 4, 3, TRUE, 1),

  -- User 6
  (6, 1, 5, TRUE, 1),
  (6, 2, 5, TRUE, 1),
  (6, 3, 5, TRUE, 1),
  (6, 4, 3, TRUE, 1),

  -- User 7
  (7, 2, 1, FALSE, 1),
  (7, 2, 5, TRUE, 2),
  (7, 3, 2, FALSE, 1),

  -- User 8
  (8, 4, 3, TRUE, 1),
  (8, 5, 3, TRUE, 1),

  -- User 9
  (9, 1, 4, TRUE, 1),
  (9, 2, 2, FALSE, 1),
  (9, 2, 3, TRUE, 2),
  (9, 3, 1, FALSE, 1),
  (9, 5, 5, TRUE, 1),

  -- User 10
  (10, 1, 2, FALSE, 1),
  (10, 3, 2, FALSE, 1),
  (10, 4, 2, FALSE, 1),
  (10, 4, 4, TRUE, 2);
